coordinate,energy
1,0.000000
2,0.522199
3,1.898689
4,3.901638
5,6.319088
6,8.967640
7,11.667785
8,14.259448
9,16.597369
10,18.558789
11,20.035385
12,20.954823
13,21.288264
14,20.962761
15,20.048870
16,18.576246
17,16.616746
18,14.278970
19,11.685763
20,8.982794
21,6.330571
22,3.909256
23,1.902605
24,0.523831
25,0.000000
