coordinate,energy
1,0.000000
2,0.017124
3,0.064419
4,0.133294
5,0.219531
6,0.318030
7,0.424259
8,0.533105
9,0.628529
10,0.716379
11,0.808057
12,0.891050
13,0.965697
14,1.041474
15,1.097849
16,1.154393
17,1.193449
18,1.212669
19,1.203815
20,1.168022
21,1.114195
22,1.048672
23,0.970711
24,0.885653
25,0.797170
26,0.705109
27,0.610451
28,0.518560
29,0.432178
30,0.347566
31,0.260538
32,0.174715
33,0.107428
34,0.000000
35,0.000006
