coordinate,energy
1,0.000000
2,0.639699
3,2.245032
4,4.428569
5,6.695952
6,8.819569
7,10.530649
8,11.501560
9,11.553794
10,10.756592
11,9.533269
12,8.039411
13,6.729950
14,5.824831
15,5.385782
