coordinate,energy
1,0.000000
2,0.036847
3,0.129070
4,0.262069
5,0.427346
6,0.596577
7,0.741749
8,0.888797
9,1.022430
10,1.136873
11,1.237461
12,1.291401
13,1.311663
14,1.292198
15,1.238735
16,1.139220
17,1.004433
18,0.862925
19,0.709031
20,0.572067
21,0.417915
22,0.262784
23,0.130457
24,0.037612
25,0.000006
