coordinate,energy
1,0.000000
2,0.642328
3,2.248929
4,4.432258
5,6.699221
6,8.821163
7,10.530216
8,11.499785
9,11.551673
10,10.753468
11,9.534894
12,8.041387
13,6.730534
14,5.825202
15,5.385789
