coordinate,energy
1,0.000000
2,0.225756
3,0.845820
4,1.771953
5,2.929816
6,4.232845
7,5.597124
8,6.941675
9,8.210536
10,9.336158
11,10.265040
12,10.948294
13,11.399880
14,11.535050
15,11.372088
16,11.006319
17,10.321917
18,9.592850
19,8.775738
20,8.035533
21,7.208745
22,6.533210
23,5.937399
24,5.548468
25,5.385826
