coordinate,energy
1,0.000000
2,0.267146
3,0.999043
4,2.107547
5,3.513686
6,5.145977
7,6.931528
8,8.809146
9,10.717574
10,12.599202
11,14.400880
12,16.079938
13,17.576589
14,18.859123
15,19.898922
16,20.656660
17,21.124154
18,21.281117
19,21.122798
20,20.663311
21,19.909320
22,18.871234
23,17.591925
24,16.094992
25,14.422855
26,12.612907
27,10.729202
28,8.819092
29,6.939686
30,5.152321
31,3.518135
32,2.110295
33,1.000273
34,0.265765
35,0.000000
