coordinate,energy
1,0.000000
2,0.522199
3,1.898702
4,3.901695
5,6.319032
6,8.967609
7,11.667810
8,14.259379
9,16.597344
10,18.558789
11,20.035385
12,20.954829
13,21.288258
14,20.962723
15,20.048838
16,18.576240
17,16.616771
18,14.278951
19,11.685707
20,8.982826
21,6.330603
22,3.909294
23,1.902599
24,0.523837
25,0.000000
