coordinate,energy
1,0.000000
2,0.115203
3,0.436702
4,0.938853
5,1.586966
6,2.358860
7,3.221773
8,4.146407
9,5.103821
10,6.065729
11,7.006791
12,7.905276
13,8.756681
14,9.509235
15,10.154569
16,10.687291
17,11.091238
18,11.361691
19,11.487887
20,11.473386
21,11.314139
22,11.043046
23,10.676147
24,10.210159
25,9.650009
26,9.076204
27,8.483003
28,7.891346
29,7.328510
30,6.837347
31,6.366213
32,5.968793
33,5.672744
34,5.463071
35,5.385807
